mass,rt,
490.80084,1.0067905,
688.71167,1.0067905,
449.84482,1.0195342,
201.02484,1.0321426,
255.87956,1.0448051,
194.90521,1.0571905,
287.91061,1.0571905,
413.82202,1.0571905,
344.03964,1.0695572,
348.90216,1.0695572,
154.94684,1.1329739,
155.9464,1.1329739,
195.90517,1.1329739,
210.93091,1.1329739,
268.90079,1.1329739,
364.88806,1.1329739,
371.86719,1.1329739,
448.84488,1.1329739,
187.09686,1.1457405,
192.91069,1.1457405,
208.93394,1.1457405,
286.91132,1.1457405,
292.89096,1.1457405,
293.89023,1.1457405,
311.90079,1.1457405,
412.82321,1.1457405,
446.84665,1.1457405,
509.81076,1.1457405,
629.74451,1.1457405,
211.9304,1.1579947,
220.04596,1.1579947,
232.92392,1.1579947,
233.92346,1.1579947,
310.90137,1.1579947,
370.86755,1.1579947,
430.83398,1.1579947,
431.83356,1.1579947,
551.76746,1.1579947,
172.9572,1.1703239,
173.9568,1.1703239,
388.96811,1.1703239,
186.9729,1.2464322,
280.98227,1.4352967,
388.96786,1.4352967,
386.9437,1.6363384,
168.98875,1.6490655,
169.99208,1.6490655,
212.97855,1.6490655,
213.98178,1.6490655,
464.92014,1.6490655,
274.97906,1.6613718,
542.89789,1.6613718,
963.92841,1.9371134,
217.00232,1.9621718,
184.77759,2.5421926,
1128.49829,2.718051,
892.0802,2.8689238,
220.04597,2.919353,
280.06693,3.0076197,
345.94977,3.2596592,
220.04594,3.2722592,
306.95874,3.2722592,
375.97198,3.2848905,
308.97745,3.2848905,
345.4502,3.2848905,
394.97433,3.2848905,
461.94965,3.2848905,
497.01736,3.2848905,
497.9306,3.2848905,
218.97849,3.2974842,
219.4801,3.2974842,
305.96097,3.2974842,
329.50543,3.2974842,
330.979,3.2974842,
331.98224,3.2974842,
374.96851,3.2974842,
438.96436,3.2974842,
439.96774,3.2974842,
440.97003,3.2974842,
460.94656,3.2974842,
267.97009,3.3101946,
306.46106,3.3101946,
416.48825,3.3101946,
431.9324,3.3101946,
398.94489,3.4872154,
399.9483,3.4872154,
476.92154,3.4872154,
572.90887,3.4998092,
650.88715,3.4998092,
232.9239,3.5251717,
845.9679,3.6894967,
220.04593,3.7147738,
280.06708,3.7906217,
277.14688,4.0560675,
528.93213,4.0939676,
218.90247,4.1065634,
219.98885,4.1065634,
263.97867,4.1065634,
362.95432,4.1065634,
436.94012,4.1065634,
438.93539,4.1065634,
452.95166,4.1065634,
610.13159,4.1065634,
196.98367,4.1192446,
197.98708,4.1192446,
218.98547,4.1192446,
262.97519,4.1192446,
324.97549,4.1192446,
360.95889,4.1192446,
361.0188,4.1192446,
440.93118,4.1192446,
441.9321,4.1192446,
442.92697,4.1192446,
443.9285,4.1192446,
450.95578,4.1192446,
484.02893,4.1192446,
516.91333,4.1192446,
518.90845,4.1192446,
520.90344,4.1192446,
241.00986,4.1318843,
242.01332,4.1318843,
323.01248,4.1318843,
338.99338,4.1318843,
340.98871,4.1442404,
229.14378,4.1569029,
230.9854,4.1695321,
717.29736,4.1695321,
415.91891,4.3586509,
414.91559,4.371278,
416.91269,4.371278,
417.91614,4.371278,
496.91895,4.371278,
291.16278,4.3838904,
221.04541,4.4597175,
280.06705,4.4597175,
277.14697,4.4849633,
647.75049,4.4849633,
213.01151,4.6492155,
176.94867,4.6618467,
213.5132,4.6744759,
427.0304,4.6744759,
291.16275,4.6870696,
195.90523,4.7123488,
194.90526,4.7249779,
346.15015,4.7881134,
292.94537,4.8134529,
243.97678,4.8514883,
244.47852,4.8514883,
330.95938,4.8514883,
332.95514,4.8514883,
333.45612,4.8514883,
333.95279,4.8514883,
337.96698,4.8514883,
354.50354,4.8514883,
369.94754,4.8514883,
380.97552,4.8514883,
381.97891,4.8514883,
424.96542,4.8514883,
425.96866,4.8514883,
444.97128,4.8514883,
488.96136,4.8514883,
489.96457,4.8514883,
490.96707,4.8514883,
506.96811,4.8514883,
510.94284,4.8514883,
511.94623,4.8514883,
547.01422,4.8514883,
548.01788,4.8514883,
293.96649,4.8641341,
331.51941,4.8641341,
331.95715,4.8641341,
338.96536,4.8641341,
400.98102,4.8641341,
445.97452,4.8641341,
728.88055,4.8641341,
332.45886,4.8767633,
315.18051,4.889407,
531.24323,4.9147425,
417.21204,4.9526946,
298.80701,4.9901091,
298.94217,4.9901091,
299.94571,4.9901091,
300.93796,4.9901091,
301.94086,4.9901091,
556.87085,4.9901091,
330.51202,5.0027217,
558.86829,5.0027217,
330.01065,5.0280321,
299.18558,5.0406717,
243.15939,5.0532842,
244.16278,5.0532842,
362.14526,5.0532842,
178.94447,5.15443,
337.5199,5.1923072,
841.29907,5.2049196,
647.05017,5.2176217,
417.21188,5.2303008,
241.14389,5.2429758,
323.0209,5.2429758,
323.52249,5.2429758,
362.14526,5.2429758,
315.18069,5.2682404,
316.18359,5.2682404,
224.34311,5.2808738,
337.01862,5.2934883,
243.15944,5.3060987,
176.94872,5.3187592,
337.52017,5.3314029,
215.01167,5.4072321,
215.67656,5.4072321,
323.02087,5.4072321,
323.52252,5.4072321,
324.01868,5.4072321,
647.04999,5.4072321,
215.3457,5.432501,
538.95776,5.4830821,
561.3114,5.4830821,
215.01167,5.52103,
215.34592,5.52103,
215.67998,5.52103,
323.021,5.52103,
323.52261,5.52103,
324.01917,5.52103,
324.51947,5.52103,
334.513,5.52103,
647.04968,5.52103,
213.14906,5.5336883,
334.01199,5.5336883,
257.1752,5.5842341,
545.25977,5.5842341,
277.14697,5.6222279,
335.18881,5.6222279,
189.07622,5.6475591,
313.20135,5.6601883,
447.18613,5.6601883,
323.02097,5.6728364,
647.04962,5.6728364,
648.05237,5.6728364,
165.04027,5.6854571,
242.17558,5.7107508,
605.3374,5.7234008,
315.18069,5.7360321,
331.90347,5.7613592,
178.94437,5.77403,
288.3511,5.799303,
299.18552,5.799303,
361.16861,5.799303,
380.11163,5.799303,
460.09113,5.799303,
241.18031,5.8119821,
360.16586,5.8119821,
416.19247,5.8119821,
433.0303,5.8119821,
288.68573,5.8499321,
434.22824,5.8499321,
347.18851,5.8878154,
258.17838,5.9131571,
280.57889,5.9131571,
257.17517,5.9258176,
387.12247,5.9258176,
600.91156,5.9258176,
649.36475,5.9258176,
662.12561,5.9258176,
721.20782,5.9258176,
280.86139,5.9375612,
280.98224,5.9375612,
281.9855,5.9375612,
344.81332,5.9375612,
344.97794,5.9375612,
345.98132,5.9375612,
346.98306,5.9375612,
426.98099,5.9375612,
431.22714,5.9375612,
432.23108,5.9375612,
444.95654,5.9375612,
520.93811,5.9375612,
522.93372,5.9375612,
523.9361,5.9375612,
524.92975,5.9375612,
536.95135,5.9375612,
566.03192,5.9375612,
602.90656,5.9375612,
614.92633,5.9375612,
616.92267,5.9375612,
617.92352,5.9375612,
628.94263,5.9375612,
690.9632,5.9375612,
691.0976,5.9375612,
692.10028,5.9375612,
693.09521,5.9375612,
362.14526,5.9502404,
430.97205,5.9881404,
474.96188,5.9881404,
538.95801,5.9881404,
539.95966,5.9881404,
560.93909,5.9881404,
597.01099,5.9881404,
376.22314,6.0008154,
387.12247,6.0008154,
559.27423,6.051582,
379.13455,6.0768612,
376.16064,6.0894426,
409.10867,6.0894426,
411.19659,6.0894426,
305.17822,6.1021029,
321.173,6.1021029,
416.19211,6.1148487,
306.96735,6.1271633,
316.13956,6.1271633,
355.19366,6.1271633,
357.20938,6.1271633,
433.22488,6.1271633,
504.92865,6.1271633,
548.02673,6.1271633,
584.90277,6.1271633,
411.95148,6.1399029,
306.18201,6.1399029,
326.97342,6.1399029,
327.97684,6.1399029,
328.96906,6.1399029,
408.97656,6.1399029,
506.92499,6.1399029,
514.95367,6.1399029,
516.94824,6.1399029,
598.91809,6.1399029,
644.11902,6.1399029,
673.09302,6.1399029,
674.0946,6.1399029,
675.09155,6.1399029,
701.18402,6.1399029,
703.20044,6.1399029,
409.10791,6.1651466,
559.27521,6.1651466,
213.14902,6.1902404,
257.17517,6.1902404,
246.98032,6.2029383,
268.98227,6.2029383,
269.98566,6.2029383,
312.9722,6.2029383,
358.21304,6.2029383,
394.97476,6.2029383,
412.9509,6.2029383,
413.95209,6.2029383,
488.93292,6.2029383,
490.92819,6.2029383,
492.92374,6.2029383,
502.94846,6.2029383,
534.02509,6.2029383,
570.90131,6.2029383,
659.09161,6.2029383,
662.0921,6.2029383,
687.18341,6.2029383,
688.16113,6.2029383,
689.20099,6.2029383,
313.97537,6.215655,
410.95511,6.215655,
491.92899,6.215655,
493.92441,6.215655,
500.95261,6.215655,
582.92035,6.215655,
584.91711,6.215655,
608.04364,6.215655,
630.11963,6.215655,
660.09357,6.215655,
661.09033,6.215655,
436.19934,6.2284175,
615.30078,6.2284175,
243.17873,6.2785591,
737.41718,6.2907008,
313.20151,6.3538612,
244.99637,6.366453,
357.20941,6.366453,
474.10654,6.3912425,
477.06287,6.4167487,
349.20413,6.4420612,
244.99631,6.4544029,
283.19077,6.4544029,
339.19888,6.4544029,
350.20776,6.4544029,
374.18146,6.4544029,
421.14581,6.4544029,
781.44293,6.4544029,
185.15408,6.4669821,
257.17517,6.4669821,
357.20932,6.4669821,
359.22507,6.4669821,
417.21152,6.4669821,
418.20752,6.4669821,
533.22235,6.47968,
258.17838,6.5046238,
478.06345,6.5046238,
479.06052,6.5046238,
279.12631,6.5300508,
383.08524,6.5300508,
425.08441,6.5300508,
242.17555,6.5427654,
250.97528,6.5427654,
326.97128,6.5427654,
330.04153,6.5427654,
409.10843,6.5427654,
573.28998,6.5427654,
673.0907,6.5427654,
408.10724,6.5550633,
574.29358,6.5550633,
674.09241,6.5550633,
215.16454,6.5676383,
260.11349,6.5803404,
351.93787,6.5803404,
375.21982,6.5803404,
506.92261,6.5803404,
678.08484,6.5803404,
695.05835,6.5803404,
696.05988,6.5803404,
168.98877,6.5924925,
169.99213,6.5924925,
184.9836,6.5924925,
284.97702,6.5924925,
328.96686,6.5924925,
348.76468,6.5924925,
348.93872,6.5924925,
349.94223,6.5924925,
350.93439,6.5924925,
366.97971,6.5924925,
410.97012,6.5924925,
428.94574,6.5924925,
430.94214,6.5924925,
508.91867,6.5924925,
600.91406,6.5924925,
675.08643,6.5924925,
676.08826,6.5924925,
677.08551,6.5924925,
697.05707,6.5924925,
285.98062,6.6047737,
327.2168,6.6047737,
363.18369,6.6047737,
301.20096,6.6175153,
329.19611,6.630205,
445.24332,6.630205,
406.134,6.6428966,
408.10724,6.6428966,
363.18365,6.6555049,
391.11728,6.668082,
346.11261,6.6807779,
381.08841,6.6807779,
393.11322,6.6807779,
405.13263,6.6807779,
427.08047,6.6807779,
430.20752,6.6807779,
330.15521,6.693305,
345.11176,6.7059029,
409.10806,6.7059029,
347.108,6.7187133,
390.17642,6.7187133,
639.29492,6.7187133,
435.24072,6.7313779,
320.19717,6.7440883,
327.21677,6.7440883,
392.1188,6.7440883,
577.1344,6.756403,
222.04198,6.7688008,
343.96289,6.7688008,
381.95358,6.7688008,
467.53342,6.7688008,
468.0321,6.7688008,
482.08743,6.7688008,
640.0932,6.7688008,
640.59418,6.7688008,
271.97916,6.7815279,
293.97382,6.7815279,
294.47507,6.7815279,
342.96512,6.7815279,
344.46466,6.7815279,
382.95181,6.7815279,
383.9498,6.7815279,
388.96213,6.7815279,
467.03296,6.7815279,
480.96878,6.7815279,
481.97208,6.7815279,
524.95862,6.7815279,
525.96173,6.7815279,
544.96442,6.7815279,
588.95471,6.7815279,
589.95837,6.7815279,
590.96051,6.7815279,
592.94592,6.7815279,
606.96136,6.7815279,
610.93652,6.7815279,
611.94031,6.7815279,
647.00787,6.7815279,
648.01099,6.7815279,
649.01337,6.7815279,
237.14868,6.7941195,
334.97531,6.7941195,
482.58844,6.7941195,
641.0918,6.7941195,
325.20102,6.8194987,
220.14594,6.8449508,
294.17859,6.8449508,
295.15399,6.8449508,
432.18677,6.8449508,
215.16449,6.8571674,
221.15399,6.8571674,
293.17532,6.8571674,
336.18057,6.8571674,
430.12097,6.8571674,
236.10468,6.8694696,
315.21661,6.8694696,
429.11804,6.8694696,
210.06372,6.8946237,
313.20126,6.8946237,
329.19601,6.8946237,
314.20459,6.9072508,
653.28326,6.9072508,
327.21686,6.9327029,
269.17511,6.9454507,
301.20102,6.9454507,
348.93881,6.9576758,
504.11783,6.9576758,
443.18561,6.9700613,
319.19366,6.9826945,
320.19727,6.9826945,
321.17291,6.9826945,
587.30597,6.9826945,
588.3092,6.9826945,
283.19077,6.9951279,
291.16281,6.9951279,
335.18884,6.9951279,
389.19992,6.9951279,
336.06403,7.0078362,
388.1972,7.0205653,
329.17499,7.0332404,
432.22287,7.0332404,
621.26495,7.0458696,
309.16968,7.0580883,
619.25903,7.0705404,
620.26324,7.0705404,
311.18506,7.0831696,
227.16458,7.0956758,
228.16779,7.0956758,
236.10461,7.0956758,
293.17529,7.0956758,
220.14601,7.1083425,
294.1785,7.1083425,
343.21155,7.1083425,
221.15388,7.1210508,
375.21973,7.1210508,
639.29425,7.1210508,
640.29712,7.1210508,
297.20621,7.1965153,
404.19193,7.1965153,
327.21686,7.2092029,
444.22293,7.2092029,
559.10541,7.2092029,
230.99905,7.2219133,
207.13846,7.2346133,
239.1284,7.2346133,
195.13841,7.2472757,
476.12201,7.2472757,
377.19925,7.2723133,
765.45026,7.2723133,
317.19611,7.2850279,
498.93863,7.2850279,
499.9415,7.2976487,
580.94122,7.2976487,
257.21158,7.3103821,
341.23227,7.3103821,
284.10394,7.3230403,
283.10004,7.3356695,
256.19122,7.3483321,
378.20248,7.3606445,
157.12282,7.3733903,
224.1649,7.3733903,
598.04004,7.3733903,
411.27307,7.385982,
158.12611,7.385982,
343.21161,7.385982,
344.215,7.385982,
446.20239,7.385982,
463.94904,7.385982,
542.92004,7.385982,
552.94421,7.385982,
575.95862,7.385982,
601.32166,7.385982,
602.32495,7.385982,
603.32825,7.385982,
708.14679,7.385982,
766.18945,7.385982,
787.06586,7.385982,
788.06708,7.385982,
878.24097,7.385982,
272.19415,7.3982654,
274.12967,7.3982654,
296.97681,7.3982654,
318.97885,7.3982654,
319.98209,7.3982654,
320.98502,7.3982654,
362.96863,7.3982654,
363.97205,7.3982654,
364.97299,7.3982654,
444.97147,7.3982654,
460.95224,7.3982654,
462.94775,7.3982654,
492.03174,7.3982654,
530.96521,7.3982654,
538.92761,7.3982654,
540.92505,7.3982654,
554.94006,7.3982654,
574.9552,7.3982654,
584.02197,7.3982654,
638.95172,7.3982654,
660.93402,7.3982654,
697.00513,7.3982654,
709.08832,7.3982654,
710.09003,7.3982654,
711.08771,7.3982654,
712.08881,7.3982654,
722.16107,7.3982654,
723.20111,7.3982654,
748.9292,7.3982654,
271.19086,7.4106362,
283.1907,7.4228674,
555.04053,7.4228674,
351.18359,7.4355237,
446.23849,7.4355237,
315.21671,7.4482508,
341.23206,7.4604654,
442.97128,7.4604654,
339.21658,7.4731112,
555.04034,7.4983716,
556.04071,7.4983716,
726.0882,7.4983716,
780.1889,7.4983716,
250.97522,7.5107987,
251.97862,7.5107987,
376.96774,7.5107987,
377.97107,7.5107987,
378.97211,7.5107987,
458.97089,7.5107987,
459.97467,7.5107987,
474.95142,7.5107987,
476.94666,7.5107987,
477.94904,7.5107987,
554.92438,7.5107987,
557.03741,7.5107987,
598.0202,7.5107987,
707.30231,7.5107987,
723.08777,7.5107987,
724.08923,7.5107987,
725.08643,7.5107987,
736.16254,7.5107987,
801.06488,7.5107987,
269.17511,7.523032,
270.1785,7.523032,
612.03821,7.523032,
737.20129,7.523032,
259.17279,7.5356632,
398.72855,7.5356632,
398.93527,7.5356632,
399.93854,7.5356632,
423.08908,7.5356632,
705.29626,7.5356632,
706.30017,7.5356632,
745.05548,7.5356632,
746.05774,7.5356632,
400.93045,7.5483862,
401.93445,7.5483862,
480.93945,7.5483862,
514.90851,7.5483862,
515.91248,7.5483862,
615.2948,7.5483862,
747.05457,7.5483862,
329.23242,7.5609779,
516.90576,7.5609779,
596.91241,7.5609779,
227.1646,7.5737425,
333.20941,7.5737425,
402.21249,7.5737425,
404.1918,7.5737425,
349.20422,7.5861258,
408.99026,7.5861258,
439.98798,7.5861258,
216.98863,7.598807,
236.995,7.598807,
257.00122,7.598807,
258.00421,7.598807,
341.00308,7.598807,
342.00635,7.598807,
403.21448,7.598807,
420.18683,7.598807,
423.00595,7.598807,
438.98572,7.598807,
440.98181,7.598807,
451.00693,7.598807,
453.00208,7.598807,
592.0462,7.598807,
687.12268,7.598807,
688.12482,7.598807,
689.12054,7.598807,
701.23547,7.598807,
357.98148,7.6110862,
229.00844,7.6110862,
292.98245,7.6110862,
293.98547,7.6110862,
334.21307,7.6110862,
356.97797,7.6110862,
424.96631,7.6110862,
454.96164,7.6110862,
456.95715,7.6110862,
457.95837,7.6110862,
544.95935,7.6110862,
546.95599,7.6110862,
548.94885,7.6110862,
578.03198,7.6110862,
703.09778,7.6110862,
704.09967,7.6110862,
705.09662,7.6110862,
716.17352,7.6110862,
717.21118,7.6110862,
719.23041,7.6110862,
781.07465,7.6110862,
327.2168,7.6227007,
328.22052,7.6227007,
455.96408,7.6227007,
469.134,7.6227007,
536.9295,7.6227007,
706.09888,7.6227007,
718.21484,7.6227007,
758.18341,7.6227007,
178.94434,7.6605508,
338.98737,7.6605508,
458.23886,7.6605508,
199.16974,7.6732467,
283.1907,7.6732467,
284.19391,7.6732467,
325.14691,7.6732467,
490.13898,7.6732467,
176.94862,7.6854425,
349.20416,7.6981841,
422.22018,7.6981841,
358.18652,7.7099466,
418.20752,7.7099466,
420.18719,7.7099466,
297.20609,7.7347695,
548.15472,7.7347695,
424.23581,7.7475112,
351.18375,7.7597882,
380.97577,7.7597882,
444.97134,7.7597882,
791.09167,7.7597882,
463.19189,7.772532,
408.1073,7.7974383,
460.21832,7.7974383,
206.1543,7.8084299,
248.07928,7.8084299,
375.0322,7.8084299,
229.1801,7.8200903,
263.09161,7.8200903,
311.22192,7.8200903,
381.08841,7.8200903,
393.11343,7.8200903,
230.18355,7.8328029,
368.18884,7.8328029,
425.28934,7.8328029,
610.17773,7.8455342,
442.97086,7.8575925,
532.14886,7.8575925,
283.19058,7.8703007,
341.23193,7.8703007,
443.97391,7.8703007,
435.14307,7.8825195,
571.31024,7.8825195,
226.18048,7.8952654,
355.24792,7.8952654,
277.14359,7.9071967,
435.2406,7.9071967,
581.96533,7.9071967,
307.15732,7.9195945,
321.97513,7.9195945,
343.97009,7.9195945,
477.06268,7.9195945,
517.03015,7.9195945,
624.95209,7.9195945,
625.95465,7.9195945,
688.94879,7.9195945,
710.9317,7.9195945,
747.00183,7.9195945,
748.00543,7.9195945,
285.20621,7.9318945,
344.47205,7.9318945,
580.96216,7.9318945,
791.33221,7.9318945,
241.57309,7.9446279,
251.05896,7.9446279,
522.83514,7.9446279,
792.33539,7.9446279,
241.18024,7.9566008,
242.1835,7.9566008,
276.10818,7.9566008,
413.12299,7.9566008,
483.15033,7.9566008,
484.15353,7.9566008,
587.29999,7.9566008,
673.22131,7.9566008,
172.14182,7.9692612,
241.0715,7.9692612,
253.14125,7.9692612,
517.258,7.9692612,
171.13844,7.9814757,
173.11751,7.9814757,
216.08742,7.9814757,
243.19566,7.9814757,
331.19409,7.9814757,
345.22623,7.9814757,
348.16562,7.9814757,
416.22827,7.9814757,
487.13617,7.9814757,
255.19582,7.9942654,
357.22696,7.9942654,
392.11838,7.9942654,
406.13385,8.0056821,
360.22849,8.0179424,
383.08527,8.0179424,
384.08652,8.0179424,
405.1326,8.0179424,
427.11423,8.0179424,
428.11591,8.0179424,
690.35248,8.0302487,
348.1105,8.0302487,
407.12839,8.0302487,
457.09479,8.0302487,
478.06357,8.0302487,
548.1546,8.0302487,
609.17529,8.0302487,
201.98253,8.0429549,
345.11163,8.0429549,
346.11258,8.0429549,
347.10767,8.0429549,
381.08838,8.0429549,
382.08807,8.0429549,
391.11722,8.0429549,
393.1134,8.0429549,
410.10309,8.0429549,
420.24905,8.0429549,
423.08902,8.0429549,
425.08456,8.0429549,
426.08487,8.0429549,
435.14291,8.0429549,
437.10449,8.0429549,
479.06085,8.0429549,
549.15613,8.0429549,
550.15192,8.0429549,
673.22119,8.0429549,
199.16968,8.0549112,
327.16272,8.0549112,
419.24582,8.0549112,
608.17627,8.0549112,
472.25385,8.0676362,
270.20679,8.0798549,
297.11554,8.0798549,
329.23245,8.0798549,
347.2247,8.0925299,
623.26288,8.0925299,
624.26593,8.0925299,
778.43646,8.0925299,
200.01132,8.1036716,
202.0083,8.1036716,
277.14365,8.1036716,
278.14685,8.1036716,
299.20377,8.1036716,
348.22766,8.1036716,
359.22498,8.1036716,
365.19913,8.1036716,
417.22891,8.1036716,
558.29077,8.1036716,
637.37555,8.1036716,
639.39319,8.1036716,
774.08832,8.1036716,
288.00696,8.1159258,
372.20187,8.1159258,
418.20746,8.1159258,
504.15308,8.1159258,
508.96967,8.1159258,
526.94495,8.1159258,
631.32593,8.1159258,
632.32721,8.1159258,
773.0871,8.1159258,
775.08582,8.1159258,
776.08618,8.1159258,
787.1991,8.1159258,
803.22974,8.1159258,
926.24646,8.1159258,
928.26276,8.1159258,
929.2641,8.1159258,
930.26794,8.1159258,
238.18073,8.1282112,
251.05872,8.1282112,
273.1886,8.1282112,
423.27921,8.1282112,
426.96609,8.1282112,
427.96951,8.1282112,
428.96121,8.1282112,
432.22281,8.1282112,
759.24072,8.1282112,
789.21667,8.1282112,
790.22137,8.1282112,
791.2113,8.1282112,
800.1767,8.1282112,
801.2149,8.1282112,
171.13843,8.140582,
214.18861,8.140582,
285.20651,8.140582,
286.20966,8.140582,
287.21262,8.140582,
307.18811,8.140582,
308.19171,8.140582,
375.2197,8.140582,
395.20117,8.140582,
433.26129,8.140582,
536.26202,8.140582,
503.26495,8.1526466,
759.08514,8.1526466,
760.08685,8.1526466,
761.08447,8.1526466,
346.97366,8.1649862,
369.97876,8.1649862,
412.96524,8.1649862,
414.97101,8.1649862,
422.26474,8.1649862,
424.23599,8.1649862,
494.96881,8.1649862,
512.94415,8.1649862,
773.1983,8.1649862,
777.21246,8.1649862,
786.17731,8.1649862,
912.24451,8.1649862,
915.26141,8.1649862,
325.21964,8.1772196,
368.97543,8.1772196,
399.21307,8.1772196,
413.9686,8.1772196,
510.94824,8.1772196,
634.01862,8.1772196,
775.21552,8.1772196,
776.2179,8.1772196,
828.18512,8.1772196,
848.91956,8.1772196,
870.30627,8.1772196,
914.25934,8.1772196,
177.09146,8.189932,
397.21707,8.189932,
339.16232,8.2018737,
474.2338,8.2018737,
237.11571,8.2142737,
241.18027,8.2142737,
342.23563,8.2142737,
475.2724,8.2142737,
496.93341,8.2142737,
534.24609,8.2142737,
265.99463,8.2269507,
215.16451,8.2269507,
216.16798,8.2269507,
283.19067,8.2269507,
284.19391,8.2269507,
357.26373,8.2269507,
362.24408,8.2269507,
364.2598,8.2269507,
451.9314,8.2269507,
493.19147,8.2269507,
950.22339,8.2269507,
223.02759,8.2387716,
297.04614,8.2387716,
343.22983,8.2387716,
361.24054,8.2387716,
363.25613,8.2387716,
421.26147,8.2387716,
424.23593,8.2387716,
435.24063,8.2387716,
448.93195,8.2387716,
449.93509,8.2387716,
450.92676,8.2387716,
530.93555,8.2387716,
563.28143,8.2387716,
585.32501,8.2387716,
633.23938,8.2387716,
795.05048,8.2387716,
325.21954,8.2514612,
341.21439,8.2514612,
357.20935,8.2514612,
431.24646,8.2514612,
560.30658,8.2514612,
213.18526,8.2642279,
313.23746,8.2642279,
344.23322,8.2642279,
345.24536,8.2642279,
502.97623,8.2642279,
877.37085,8.2642279,
878.37018,8.2642279,
414.21231,8.2769737,
474.26974,8.2769737,
249.57854,8.2893361,
561.30927,8.2893361,
248.58083,8.3012924,
297.20612,8.3012924,
191.10738,8.3133778,
497.16602,8.3133778,
498.16916,8.3133778,
519.14771,8.3133778,
563.2818,8.3133778,
229.18005,8.3260487,
249.15242,8.3260487,
287.22189,8.3260487,
499.16266,8.3260487,
500.16428,8.3260487,
520.15033,8.3260487,
538.25977,8.3260487,
591.42871,8.3260487,
632.23761,8.3260487,
167.14357,8.3377466,
222.15729,8.3377466,
236.12387,8.3377466,
249.07687,8.3377466,
292.19113,8.3377466,
328.16745,8.3377466,
330.16467,8.3377466,
338.19644,8.3377466,
353.01273,8.3377466,
211.13326,8.3504507,
221.15395,8.3504507,
230.18343,8.3504507,
235.12059,8.3504507,
243.19572,8.3504507,
248.07919,8.3504507,
352.21188,8.3504507,
353.21539,8.3504507,
220.14601,8.3632612,
311.22192,8.3632612,
317.03595,8.3632612,
318.03543,8.3632612,
346.97345,8.3632612,
407.06708,8.3746549,
630.95874,8.3746549,
674.94952,8.3746549,
675.95172,8.3746549,
738.94501,8.3746549,
760.9278,8.3746549,
796.99841,8.3746549,
206.15422,8.3871925,
429.70468,8.3871925,
430.24359,8.3871925,
430.97214,8.3871925,
431.24606,8.3871925,
494.96796,8.3871925,
502.30222,8.3871925,
297.24249,8.3993633,
369.26346,8.3993633,
434.26428,8.3993633,
501.28839,8.3993633,
558.29077,8.3993633,
226.02396,8.4114757,
242.05431,8.4114757,
243.05244,8.4114757,
321.06177,8.4114757,
372.20218,8.4114757,
373.24036,8.4114757,
374.24365,8.4114757,
223.02763,8.4240966,
224.02681,8.4240966,
225.02446,8.4240966,
239.05894,8.4240966,
240.05779,8.4240966,
241.05586,8.4240966,
258.1702,8.4240966,
355.24796,8.4240966,
227.02141,8.4359008,
227.1646,8.4359008,
312.97205,8.4359008,
279.12613,8.4486174,
335.14929,8.4486174,
200.01138,8.4857591,
299.04282,8.4857591,
351.03333,8.4857591,
377.01901,8.4857591,
448.21857,8.4857591,
316.05652,8.4984882,
189.07614,8.4984882,
258.17838,8.4984882,
297.04645,8.4984882,
298.04532,8.4984882,
315.05695,8.4984882,
353.03043,8.4984882,
357.01331,8.4984882,
518.16919,8.4984882,
257.17517,8.5109447,
282.99448,8.5109447,
379.21494,8.5109447,
500.28586,8.5109447,
243.19563,8.5236299,
244.19901,8.5236299,
371.24277,8.5236299,
372.24612,8.5236299,
818.91931,8.5236299,
299.22183,8.535932,
386.21777,8.535932,
498.26981,8.535932,
840.90143,8.535932,
226.18051,8.5485674,
255.08711,8.5485674,
327.16281,8.5485674,
437.25638,8.5485674,
446.23859,8.5485674,
518.29694,8.5485674,
559.29291,8.5485674,
963.409,8.5485674,
162.9818,8.5612487,
312.97183,8.5612487,
341.2142,8.5612487,
360.1282,8.5612487,
445.26193,8.5612487,
292.08542,8.5737028,
293.08594,8.5737028,
338.09064,8.5737028,
339.09201,8.5737028,
352.10629,8.5737028,
354.1033,8.5737028,
480.89731,8.5737028,
482.89404,8.5737028,
357.26367,8.5863236,
366.93881,8.5863236,
367.94199,8.5863236,
368.93594,8.5863236,
447.24091,8.5863236,
460.9252,8.5863236,
192.11053,8.5988924,
200.95389,8.5988924,
276.15945,8.5988924,
313.2377,8.5988924,
462.9231,8.5988924,
560.30688,8.5988924,
191.10716,8.6113466,
277.14349,8.6113466,
249.14877,8.623682,
255.58849,8.623682,
291.15936,8.623682,
255.19583,8.6359736,
256.19916,8.6359736,
311.22192,8.6359736,
373.04413,8.6359736,
359.22504,8.6484632,
374.04474,8.6484632,
375.25623,8.6484632,
402.21259,8.6484632,
512.18445,8.6484632,
632.23743,8.6484632,
224.02705,8.6611404,
354.20938,8.6611404,
359.12741,8.6611404,
511.18179,8.6611404,
213.18536,8.6735966,
223.02763,8.6735966,
297.0463,8.6735966,
298.0463,8.6735966,
312.13522,8.6735966,
315.05692,8.6735966,
351.03351,8.6735966,
182.15427,8.6861737,
214.18869,8.6861737,
284.22263,8.6861737,
311.13141,8.6861737,
353.17819,8.6861737,
241.18024,8.6986819,
255.08699,8.6986819,
380.2179,8.6986819,
379.21472,8.7106028,
424.12723,8.7106028,
186.15727,8.7233299,
299.22202,8.7233299,
300.22528,8.7233299,
321.2037,8.7233299,
445.26175,8.7233299,
355.24789,8.7360737,
438.14294,8.7360737,
444.25928,8.7360737,
239.05893,8.7483861,
239.15807,8.7483861,
291.15924,8.7483861,
388.23325,8.7483861,
684.0155,8.7483861,
252.19586,8.7605966,
263.16434,8.7605966,
346.09552,8.7605966,
371.97168,8.7605966,
372.47388,8.7605966,
393.96643,8.7605966,
463.965,8.7605966,
464.96793,8.7605966,
680.95776,8.7605966,
724.94568,8.7605966,
788.94287,8.7605966,
789.94495,8.7605966,
795.23615,8.7605966,
810.9256,8.7605966,
823.19672,8.7605966,
825.21191,8.7605966,
839.22485,8.7605966,
846.99512,8.7605966,
920.30103,8.7605966,
966.26111,8.7605966,
842.0929,8.7725966,
287.22192,8.7725966,
373.04416,8.7725966,
418.97211,8.7725966,
419.97531,8.7725966,
462.96204,8.7725966,
560.94507,8.7725966,
561.94708,8.7725966,
562.94104,8.7725966,
796.23627,8.7725966,
864.20459,8.7725966,
921.30383,8.7725966,
948.26233,8.7725966,
950.27606,8.7725966,
964.25421,8.7725966,
271.22711,8.7849174,
288.22546,8.7849174,
439.14374,8.7849174,
580.93286,8.7849174,
598.9317,8.7849174,
599.93439,8.7849174,
965.25812,8.7849174,
185.15396,8.7970716,
498.92892,8.7970716,
499.93195,8.7970716,
500.92331,8.7970716,
501.92819,8.7970716,
251.13159,8.8218591,
297.20618,8.8218591,
298.2095,8.8218591,
311.2218,8.8470487,
462.23386,8.8470487,
370.18561,8.8592112,
460.25443,8.8592112,
461.25708,8.8592112,
532.1839,8.8592112,
339.25281,8.8710507,
352.10626,8.8833091,
469.26428,8.8833091,
541.35828,8.8833091,
546.97083,8.8833091,
693.29602,8.8833091,
1048.271,8.8833091,
263.16425,8.8956111,
370.26706,8.8956111,
480.96878,8.8956111,
481.97198,8.8956111,
500.97507,8.8956111,
544.96484,8.8956111,
545.96808,8.8956111,
626.96729,8.8956111,
642.94794,8.8956111,
644.94354,8.8956111,
877.24005,8.8956111,
879.23413,8.8956111,
946.20398,8.8956111,
1002.30505,8.8956111,
1030.26074,8.8956111,
1031.2655,8.8956111,
1032.28149,8.8956111,
1046.25818,8.8956111,
514.89911,8.9079029,
515.90216,8.9079029,
516.89581,8.9079029,
517.89868,8.9079029,
596.90198,8.9079029,
891.21796,8.9079029,
1003.21661,8.9079029,
1003.30896,8.9079029,
1062.90454,8.9079029,
162.98181,8.9201341,
184.98361,8.9201341,
185.98685,8.9201341,
229.18008,8.9201341,
494.95148,8.9201341,
518.89056,8.9201341,
532.96423,8.9201341,
562.93719,8.9201341,
576.95459,8.9201341,
952.29163,8.9201341,
953.29517,8.9201341,
990.91199,8.9201341,
1012.89276,8.9201341,
197.15401,8.932907,
256.19098,8.932907,
320.1889,8.932907,
376.19678,8.932907,
600.26099,8.932907,
827.2262,8.932907,
896.19397,8.932907,
980.25079,8.932907,
983.26862,8.932907,
996.24469,8.932907,
316.17603,8.9452508,
805.22217,8.9452508,
834.23676,8.9452508,
841.20697,8.9452508,
972.28204,8.9452508,
982.26721,8.9452508,
257.21155,8.9571361,
392.97546,8.9571361,
393.97845,8.9571361,
456.97141,8.9571361,
457.9747,8.9571361,
554.95404,8.9571361,
556.95013,8.9571361,
566.97498,8.9571361,
568.96967,8.9571361,
678.02423,8.9571361,
791.2439,8.9571361,
792.24451,8.9571361,
803.22504,8.9571361,
804.22919,8.9571361,
819.22003,8.9571361,
833.23492,8.9571361,
915.31464,8.9571361,
916.31543,8.9571361,
944.28802,8.9571361,
958.2663,8.9571361,
981.25092,8.9571361,
283.13635,8.9687195,
292.08554,8.9687195,
313.17987,8.9687195,
789.24664,8.9687195,
790.24841,8.9687195,
817.20453,8.9687195,
858.21271,8.9687195,
900.22272,8.9687195,
914.31238,8.9687195,
942.27106,8.9687195,
943.27142,8.9687195,
945.28754,8.9687195,
946.2934,8.9687195,
956.25122,8.9687195,
960.27905,8.9687195,
536.98352,8.9928195,
337.99207,8.9928195,
460.25458,8.9928195,
539.98163,8.9928195,
316.98175,9.0052591,
336.98843,9.0052591,
356.99429,9.0052591,
440.99637,9.0052591,
441.99985,9.0052591,
522.99915,9.0052591,
538.97974,9.0052591,
540.97565,9.0052591,
550.99982,9.0052591,
552.99451,9.0052591,
662.05096,9.0052591,
773.27118,9.0052591,
774.27386,9.0052591,
775.26764,9.0052591,
787.25043,9.0052591,
788.25574,9.0052591,
817.2627,9.0052591,
898.33685,9.0052591,
899.33936,9.0052591,
926.29474,9.0052591,
927.2973,9.0052591,
928.3103,9.0052591,
371.27908,9.0179883,
508.98328,9.0179883,
929.31305,9.0179883,
313.23767,9.0307944,
314.24097,9.0307944,
185.1541,9.0431069,
233.15402,9.0431069,
267.15707,9.0431069,
416.96002,9.0431069,
518.43073,9.0431069,
672.46771,9.0431069,
186.15733,9.0548883,
194.08168,9.0548883,
271.19089,9.0548883,
517.42712,9.0548883,
670.45288,9.0548883,
331.05133,9.0664153,
443.19611,9.0664153,
530.8941,9.0664153,
531.89709,9.0664153,
532.89087,9.0664153,
533.89398,9.0664153,
548.15454,9.0664153,
612.89728,9.0664153,
534.88501,9.0787716,
1016.1955,9.0787716,
239.05891,9.102682,
242.08173,9.102682,
257.21149,9.102682,
258.21448,9.102682,
285.06439,9.102682,
286.0636,9.102682,
301.0766,9.102682,
437.97174,9.102682,
459.96649,9.102682,
299.07986,9.1149342,
300.08011,9.1149342,
374.9751,9.1149342,
396.97025,9.1149342,
418.96402,9.1149342,
547.2876,9.1149342,
617.2439,9.1149342,
730.95282,9.1149342,
838.93762,9.1149342,
860.9209,9.1149342,
896.99261,9.1149342,
458.27505,9.1278278,
498.92883,9.1278278,
459.27808,9.1398132,
542.96405,9.1398132,
596.92664,9.1398132,
309.14471,9.1515446,
249.15239,9.1633966,
315.25275,9.1633966,
484.29062,9.1633966,
530.29614,9.1756049,
616.24213,9.1756049,
369.2634,9.1879508,
476.24939,9.1879508,
520.26721,9.1879508,
531.29865,9.1879508,
269.21146,9.1997487,
271.19064,9.1997487,
277.14374,9.1997487,
351.21442,9.1997487,
381.22217,9.1997487,
546.19916,9.1997487,
601.48584,9.1997487,
615.46448,9.1997487,
616.46741,9.1997487,
739.64099,9.1997487,
754.51044,9.1997487,
172.21445,9.2115049,
227.20096,9.2115049,
270.21481,9.2115049,
305.21085,9.2115049,
352.21768,9.2115049,
418.20712,9.2115049,
522.28302,9.2115049,
313.23758,9.223882,
314.24084,9.223882,
335.21936,9.223882,
524.27997,9.223882,
602.48883,9.223882,
573.45526,9.2355653,
235.16954,9.2473174,
526.95972,9.2473174,
527.96277,9.2473174,
873.21625,9.2473174,
1012.258,9.2473174,
1013.26019,9.2473174,
1014.27588,9.2473174,
1016.27905,9.2473174,
228.2041,9.258732,
528.9552,9.258732,
555.94983,9.258732,
556.95312,9.258732,
557.94409,9.258732,
610.94183,9.258732,
874.22034,9.258732,
972.29565,9.258732,
1015.27533,9.258732,
1028.25769,9.258732,
469.97183,9.2709737,
468.96869,9.2709737,
512.95837,9.2709737,
513.96167,9.2709737,
514.96362,9.2709737,
548.92554,9.2709737,
549.92877,9.2709737,
550.92041,9.2709737,
637.95355,9.2709737,
845.2334,9.2709737,
859.21393,9.2709737,
875.20667,9.2709737,
970.29932,9.2709737,
971.30194,9.2709737,
984.297,9.2709737,
998.25824,9.2709737,
999.26056,9.2709737,
1000.27228,9.2709737,
1001.27509,9.2709737,
1002.27112,9.2709737,
1034.22363,9.2709737,
1036.23853,9.2709737,
474.26974,9.2824153,
514.89911,9.2824153,
551.92499,9.2824153,
846.23669,9.2824153,
516.28046,9.3064528,
199.16959,9.3301862,
325.2374,9.3301862,
594.96179,9.3301862,
769.45612,9.3301862,
265.03668,9.3420445,
265.147,9.3420445,
265.25803,9.3420445,
266.15048,9.3420445,
267.14279,9.3420445,
268.14636,9.3420445,
277.17993,9.3420445,
311.22189,9.3420445,
312.2254,9.3420445,
333.1348,9.3420445,
347.14993,9.3420445,
348.15329,9.3420445,
429.15262,9.3420445,
595.96484,9.3420445,
597.42157,9.3420445,
598.42377,9.3420445,
599.41876,9.3420445,
611.40021,9.3420445,
613.4173,9.3420445,
627.39587,9.3420445,
680.40375,9.3420445,
722.48706,9.3420445,
723.49023,9.3420445,
724.49072,9.3420445,
750.44629,9.3420445,
751.44775,9.3420445,
752.46228,9.3420445,
753.46313,9.3420445,
767.44299,9.3420445,
768.45612,9.3420445,
257.71292,9.3539715,
612.40363,9.3539715,
754.45984,9.3539715,
300.08316,9.3900611,
315.25299,9.3900611,
316.25644,9.3900611,
359.04678,9.3900611,
211.1696,9.4021069,
325.07773,9.4021069,
343.22977,9.4021069,
385.29495,9.4021069,
208.09714,9.4148841,
299.14792,9.4148841,
346.24893,9.4148841,
484.29056,9.4148841,
530.29559,9.4148841,
530.89337,9.4148841,
544.31152,9.4148841,
616.24146,9.4148841,
783.45319,9.4148841,
785.47052,9.4148841,
786.46997,9.4148841,
946.98712,9.4148841,
163.11229,9.4256882,
297.15213,9.4256882,
298.1554,9.4256882,
365.13913,9.4256882,
379.155,9.4256882,
421.96912,9.4256882,
629.42596,9.4256882,
630.42865,9.4256882,
643.40448,9.4256882,
780.94958,9.4256882,
782.44971,9.4256882,
784.46686,9.4256882,
888.93451,9.4256882,
910.91595,9.4256882,
443.96295,9.4374507,
444.46451,9.4374507,
485.29382,9.4374507,
371.06488,9.4488466,
422.47086,9.4488466,
445.29501,9.4488466,
271.22711,9.4736507,
272.23041,9.4736507,
297.24243,9.4736507,
345.12833,9.4736507,
531.2984,9.4736507,
603.50232,9.4736507,
617.48059,9.4736507,
756.52509,9.4736507,
758.54358,9.4736507,
200.95378,9.4847798,
273.23373,9.4847798,
345.24548,9.4847798,
353.22983,9.4847798,
354.23361,9.4847798,
482.92715,9.4847798,
484.92422,9.4847798,
530.29572,9.4847798,
545.31433,9.4847798,
576.91284,9.4847798,
1063.21582,9.4847798,
544.31152,9.4966487,
244.19901,9.4966487,
381.22217,9.4966487,
405.26636,9.4966487,
406.26947,9.4966487,
483.93079,9.4966487,
618.25842,9.4966487,
1034.25366,9.4966487,
1064.22559,9.4966487,
243.19559,9.5092321,
378.01959,9.5092321,
484.29062,9.5092321,
486.30624,9.5092321,
522.28278,9.5092321,
533.31403,9.5092321,
580.89142,9.5092321,
588.97601,9.5092321,
830.54388,9.5092321,
838.24896,9.5092321,
976.29584,9.5092321,
979.31018,9.5092321,
199.16957,9.5205799,
344.23325,9.5205799,
346.24921,9.5205799,
355.19394,9.5205799,
366.9783,9.5205799,
367.98047,9.5205799,
386.98468,9.5205799,
406.99036,9.5205799,
490.99319,9.5205799,
491.99594,9.5205799,
532.31189,9.5205799,
546.32776,9.5205799,
572.99609,9.5205799,
590.97229,9.5205799,
823.26788,9.5205799,
824.271,9.5205799,
837.24774,9.5205799,
839.26593,9.5205799,
948.33307,9.5205799,
949.33698,9.5205799,
978.30737,9.5205799,
994.2998,9.5205799,
489.32462,9.5321007,
825.26605,9.5321007,
851.26117,9.5321007,
363.25641,9.5437236,
488.32352,9.5437236,
548.32764,9.5437236,
569.96539,9.5437236,
570.96869,9.5437236,
571.96075,9.5437236,
902.24078,9.5437236,
904.23761,9.5437236,
916.21851,9.5437236,
1028.3092,9.5437236,
1055.26794,9.5437236,
1057.2804,9.5437236,
293.13861,9.5554444,
347.26123,9.5554444,
418.97302,9.5554444,
651.96777,9.5554444,
667.94952,9.5554444,
903.24335,9.5554444,
918.22961,9.5554444,
1027.30591,9.5554444,
1058.28052,9.5554444,
1059.28333,9.5554444,
498.89832,9.5679862,
500.89545,9.5679862,
331.26639,9.5807924,
384.28281,9.5807924,
468.29517,9.5807924,
487.30881,9.5807924,
547.3302,9.5807924,
1073.28003,9.5807924,
295.22696,9.5924903,
383.27939,9.5924903,
271.2272,9.6047778,
277.14359,9.6047778,
348.26443,9.6047778,
447.06256,9.6047778,
522.28265,9.6047778,
283.22696,9.6160861,
533.31378,9.6160861,
225.00693,9.6277382,
242.21999,9.6277382,
407.28223,9.6277382,
470.17783,9.6277382,
167.01962,9.6392278,
298.04599,9.6392278,
329.25082,9.6392278,
372.06458,9.6392278,
408.28546,9.6392278,
428.87231,9.6392278,
490.89166,9.6392278,
297.04617,9.650659,
316.90707,9.650659,
318.9039,9.650659,
320.90039,9.650659,
371.06485,9.650659,
373.06076,9.650659,
426.87531,9.650659,
430.86938,9.650659,
488.8931,9.650659,
323.21976,9.6629112,
327.25311,9.6629112,
328.25641,9.6629112,
330.25449,9.6629112,
342.1814,9.6629112,
367.24292,9.6629112,
374.06131,9.6629112,
573.49005,9.6742091,
241.21652,9.6856924,
255.23224,9.6856924,
560.3067,9.6856924,
909.20703,9.6856924,
267.15701,9.697757,
323.16769,9.697757,
359.22491,9.697757,
391.17746,9.697757,
546.4267,9.697757,
598.92212,9.697757,
599.92535,9.697757,
600.91699,9.697757,
687.48712,9.697757,
1021.29718,9.697757,
1048.25647,9.697757,
1050.27087,9.697757,
1051.27319,9.697757,
281.17252,9.7094507,
199.16969,9.7094507,
200.17296,9.7094507,
201.17638,9.7094507,
282.17569,9.7094507,
309.17331,9.7094507,
310.17667,9.7094507,
363.17554,9.7094507,
421.32773,9.7094507,
518.96527,9.7094507,
519.96777,9.7094507,
531.44342,9.7094507,
532.44659,9.7094507,
545.42303,9.7094507,
547.43829,9.7094507,
548.44165,9.7094507,
559.4386,9.7094507,
561.41748,9.7094507,
562.9552,9.7094507,
563.9588,9.7094507,
656.50977,9.7094507,
657.51227,9.7094507,
684.46918,9.7094507,
686.48462,9.7094507,
702.48004,9.7094507,
794.4726,9.7094507,
895.23108,9.7094507,
896.23236,9.7094507,
1020.29572,9.7094507,
1022.30011,9.7094507,
1092.88367,9.7094507,
199.24243,9.7204591,
283.22696,9.7204591,
284.23026,9.7204591,
373.061,9.7204591,
446.9671,9.7204591,
468.96179,9.7204591,
469.46274,9.7204591,
533.43811,9.7204591,
658.51105,9.7204591,
923.22632,9.7204591,
165.04018,9.731682,
644.95837,9.731682,
645.96204,9.731682,
207.13335,9.7430299,
374.06201,9.7430299,
485.22009,9.7430299,
525.97614,9.7430299,
580.96222,9.7430299,
665.98431,9.7430299,
930.23547,9.7430299,
1043.32068,9.7430299,
1087.2865,9.7430299,
341.21436,9.7551945,
341.26865,9.7551945,
583.9812,9.7551945,
584.98505,9.7551945,
585.97699,9.7551945,
649.96875,9.7551945,
916.25604,9.7551945,
917.2605,9.7551945,
918.2522,9.7551945,
944.25061,9.7551945,
1041.32056,9.7551945,
1042.32556,9.7551945,
1071.29407,9.7551945,
173.02448,9.7664799,
297.0462,9.7664799,
298.04523,9.7664799,
299.04306,9.7664799,
313.07782,9.7664799,
314.07684,9.7664799,
315.07425,9.7664799,
316.07404,9.7664799,
359.22498,9.7664799,
368.1489,9.7664799,
339.2529,9.7775174,
359.08267,9.7775174,
298.24588,9.789107,
419.2822,9.789107,
420.28537,9.789107,
502.3017,9.789107,
722.82446,9.789107,
1116.22388,9.789107,
279.16211,9.8004653,
297.24249,9.8004653,
325.23724,9.8004653,
366.93875,9.8004653,
532.92377,9.8004653,
533.92731,9.8004653,
708.91113,9.8004653,
710.9101,9.8004653,
959.18549,9.8004653,
1085.25391,9.8004653,
1086.24915,9.8004653,
1114.22302,9.8004653,
1115.22803,9.8004653,
382.1644,9.8113236,
448.21811,9.8113236,
534.92084,9.8113236,
535.92413,9.8113236,
626.91052,9.8113236,
627.91449,9.8113236,
628.90747,9.8113236,
961.18164,9.8113236,
1084.24963,9.8113236,
1087.24768,9.8113236,
269.21136,9.8242382,
359.14474,9.8242382,
503.3038,9.8242382,
601.48492,9.8242382,
659.43866,9.8242382,
799.48468,9.8242382,
801.49658,9.8242382,
814.47821,9.8242382,
646.44098,9.8356945,
183.01077,9.8356945,
234.15698,9.8356945,
253.35547,9.8356945,
311.02576,9.8356945,
311.16794,9.8356945,
312.1713,9.8356945,
313.16367,9.8356945,
379.15509,9.8356945,
393.17078,9.8356945,
394.17401,9.8356945,
476.17865,9.8356945,
623.34302,9.8356945,
643.44214,9.8356945,
644.44507,9.8356945,
645.32507,9.8356945,
645.43921,9.8356945,
657.42078,9.8356945,
658.42407,9.8356945,
671.43652,9.8356945,
672.43939,9.8356945,
673.45135,9.8356945,
674.42035,9.8356945,
754.45581,9.8356945,
768.50824,9.8356945,
769.51025,9.8356945,
798.48157,9.8356945,
800.48975,9.8356945,
815.48083,9.8356945,
233.15387,9.8470257,
314.16702,9.8470257,
395.1651,9.8470257,
475.17358,9.8470257,
506.86005,9.8470257,
721.4212,9.8470257,
770.51099,9.8470257,
771.50946,9.8470257,
213.18526,9.8599216,
275.16785,9.8599216,
1044.28369,9.8716591,
1045.28137,9.8716591,
1060.27319,9.8716591,
353.19928,9.8831799,
354.20236,9.8831799,
492.96863,9.8831799,
493.97205,9.8831799,
556.96454,9.8831799,
557.96735,9.8831799,
632.88452,9.8831799,
633.88696,9.8831799,
634.88196,9.8831799,
638.96777,9.8831799,
889.23956,9.8831799,
890.24255,9.8831799,
891.23523,9.8831799,
917.2345,9.8831799,
1014.30511,9.8831799,
1015.3089,9.8831799,
1016.30554,9.8831799,
1042.26099,9.8831799,
327.16263,9.8943445,
355.19479,9.8943445,
630.88763,9.8943445,
631.89124,9.8943445,
361.27731,9.9061715,
476.17603,9.9290445,
502.30157,9.9290445,
503.30426,9.9290445,
323.20416,9.9406361,
449.97055,9.9772528,
257.21143,9.9887466,
608.30975,9.9887466,
375.13925,9.9998174,
397.22525,9.9998174,
398.22809,9.9998174,
530.29608,9.9998174,
442.28,10.011555,
237.18515,10.034313,
255.23221,10.034313,
706.55377,10.034313,
956.28918,10.034313,
374.28964,10.04674,
497.94489,10.04674,
498.94791,10.04674,
499.94028,10.04674,
503.34055,10.04674,
545.45935,10.04674,
579.94769,10.04674,
670.52563,10.04674,
955.28424,10.04674,
213.18523,10.058569,
214.1886,10.058569,
256.23572,10.058569,
297.24243,10.058569,
298.24576,10.058569,
331.26651,10.058569,
341.26846,10.058569,
342.27158,10.058569,
546.46301,10.058569,
226.18861,10.070301,
307.18756,10.070301,
471.3136,10.070301,
558.46204,10.070301,
629.51752,10.070301,
682.52509,10.070301,
225.18527,10.081167,
439.3418,10.081167,
441.25146,10.081167,
453.36841,10.081167,
557.45917,10.081167,
569.96454,10.081167,
626.95343,10.081167,
627.95587,10.081167,
694.95508,10.081167,
695.95789,10.081167,
945.22638,10.081167,
959.22815,10.081167,
1072.29272,10.081167,
1084.29236,10.081167,
1100.26892,10.081167,
568.9621,10.092719,
582.94495,10.092719,
612.9519,10.092719,
613.95532,10.092719,
946.23016,10.092719,
1070.29297,10.092719,
1071.29749,10.092719,
1085.29138,10.092719,
1098.26978,10.092719,
1134.2749,10.092719,
421.22531,10.104432,
879.56909,10.104432,
321.21881,10.115701,
355.28433,10.115701,
422.22858,10.115701,
506.28799,10.115701,
878.56708,10.115701,
630.52002,10.126626,
269.21136,10.126626,
270.21472,10.126626,
337.18277,10.126626,
351.21399,10.126626,
418.2439,10.126626,
601.48523,10.126626,
602.48865,10.126626,
726.55066,10.126626,
612.33588,10.138759,
754.58356,10.138759,
782.92413,10.138759,
392.29025,10.15143,
629.51685,10.15143,
700.92102,10.15143,
701.92432,10.15143,
297.24246,10.162303,
298.24576,10.162303,
353.26837,10.162303,
377.2717,10.162303,
391.28738,10.162303,
692.90106,10.162303,
518.35406,10.174017,
598.91577,10.174017,
313.07727,10.184809,
600.9129,10.184809,
626.4538,10.184809,
860.50055,10.184809,
183.01085,10.196661,
250.14407,10.196661,
251.14731,10.196661,
293.17856,10.196661,
294.18182,10.196661,
375.18106,10.196661,
408.18863,10.196661,
616.88306,10.196661,
625.45172,10.196661,
658.45978,10.196661,
750.51831,10.196661,
751.52106,10.196661,
785.52655,10.196661,
828.49298,10.196661,
325.18323,10.208255,
326.18665,10.208255,
327.17905,10.208255,
328.18222,10.208255,
393.17084,10.208255,
401.3009,10.208255,
407.18604,10.208255,
489.18796,10.208255,
657.4577,10.208255,
752.51953,10.208255,
764.4986,10.208255,
782.52332,10.208255,
783.52704,10.208255,
784.52539,10.208255,
796.50439,10.208255,
797.50616,10.208255,
813.49982,10.208255,
313.23776,10.219286,
339.25259,10.219286,
614.8847,10.219286,
299.25815,10.23098,
300.26151,10.23098,
595.47687,10.23098,
213.18529,10.243794,
214.18858,10.243794,
263.20071,10.243794,
377.19055,10.243794,
545.45953,10.243794,
670.52563,10.243794,
295.18823,10.256061,
546.46228,10.256061,
671.52863,10.256061,
757.60284,10.256061,
341.21414,10.267172,
285.20615,10.278211,
632.91803,10.290203,
594.33075,10.313536,
544.31165,10.325261,
489.32449,10.337369,
517.31866,10.337369,
299.02527,10.349742,
507.29184,10.349742,
471.31369,10.361959,
432.25903,10.373303,
612.33508,10.373303,
1075.17285,10.373303,
516.31732,10.384355,
648.91241,10.384355,
649.91565,10.384355,
650.90955,10.384355,
651.91199,10.384355,
784.57465,10.384355,
1200.23938,10.384355,
1201.2417,10.384355,
1203.23804,10.384355,
1204.24158,10.384355,
1214.21887,10.384355,
1215.22168,10.384355,
234.14912,10.395978,
251.20108,10.395978,
366.9389,10.395978,
502.33771,10.395978,
546.32819,10.395978,
698.91589,10.395978,
699.9187,10.395978,
700.91449,10.395978,
742.89966,10.395978,
743.90466,10.395978,
824.90204,10.395978,
826.89886,10.395978,
1156.25659,10.395978,
1202.23669,10.395978,
355.28439,10.407478,
473.32916,10.407478,
488.32227,10.407478,
744.95117,10.407478,
1217.22217,10.407478,
271.22708,10.418909,
272.23022,10.418909,
353.22992,10.418909,
530.33228,10.418909,
531.33466,10.418909,
745.95526,10.418909,
1232.20093,10.418909,
760.86639,10.431213,
311.25815,10.431213,
470.31128,10.431213,
603.5011,10.431213,
604.50299,10.431213,
618.95898,10.431213,
662.94891,10.431213,
663.95239,10.431213,
728.56683,10.431213,
729.57153,10.431213,
995.22284,10.431213,
1120.28967,10.431213,
1134.26929,10.431213,
1135.27258,10.431213,
223.02759,10.443211,
224.02692,10.443211,
225.0244,10.443211,
239.0589,10.443211,
241.03821,10.443211,
246.14897,10.443211,
665.88684,10.443211,
1121.28979,10.443211,
1136.28174,10.443211,
1216.21143,10.443211,
445.08392,10.454824,
472.32721,10.454824,
506.28799,10.454824,
576.33868,10.454824,
612.3363,10.454824,
664.88275,10.454824,
666.88013,10.454824,
668.8761,10.454824,
758.86859,10.454824,
1218.20923,10.454824,
463.09442,10.466317,
1230.18958,10.466317,
455.32013,10.477269,
471.31415,10.477269,
337.20453,10.48843,
349.20407,10.48843,
486.30627,10.48843,
602.26257,10.48843,
786.59094,10.48843,
338.20792,10.500447,
507.29224,10.500447,
517.31873,10.500447,
533.35156,10.500447,
911.65582,10.500447,
343.22974,10.511586,
373.04428,10.511586,
435.07928,10.511586,
454.31641,10.511586,
473.32941,10.511586,
487.3096,10.511586,
532.34753,10.511586,
615.35449,10.511586,
329.25073,10.523076,
389.07547,10.523076,
390.07611,10.523076,
391.07077,10.523076,
422.20535,10.523076,
433.06436,10.523076,
436.08157,10.523076,
449.09619,10.523076,
450.0961,10.523076,
451.09393,10.523076,
503.2052,10.523076,
571.47424,10.523076,
738.35461,10.523076,
239.20088,10.534836,
240.20419,10.534836,
321.20288,10.534836,
509.30576,10.534836,
572.47815,10.534836,
613.28918,10.534836,
671.47327,10.534836,
672.47711,10.534836,
696.5412,10.534836,
697.54315,10.534836,
796.53943,10.534836,
810.51709,10.534836,
845.59778,10.534836,
339.19867,10.546497,
340.20206,10.546497,
341.19556,10.546497,
421.20148,10.546497,
666.36975,10.546497,
797.54028,10.546497,
228.2041,10.570455,
293.17804,10.570455,
297.24246,10.570455,
607.40479,10.570455,
629.51758,10.570455,
227.20088,10.581903,
311.25812,10.581903,
559.4754,10.581903,
366.93829,10.592857,
1127.16333,10.592857,
1265.21362,10.592857,
1266.22449,10.592857,
1268.22498,10.592857,
150.0085,10.604546,
151.00583,10.604546,
165.04019,10.604546,
166.03976,10.604546,
167.03703,10.604546,
200.95384,10.604546,
247.04294,10.604546,
532.92438,10.604546,
698.90912,10.604546,
699.91235,10.604546,
700.90607,10.604546,
701.91058,10.604546,
792.89606,10.604546,
793.89905,10.604546,
795.8963,10.604546,
876.8974,10.604546,
1250.23621,10.604546,
1251.23792,10.604546,
1252.23462,10.604546,
1253.23401,10.604546,
1264.21545,10.604546,
1267.22742,10.604546,
202.95103,10.616249,
794.89349,10.616249,
874.89801,10.616249,
1126.17114,10.616249,
1254.24304,10.616249,
184.98346,10.628311,
598.91498,10.628311,
1125.16431,10.628311,
381.23102,10.640338,
1121.24658,10.652509,
788.97321,10.652509,
789.97595,10.652509,
800.91461,10.652509,
801.91833,10.652509,
870.97693,10.652509,
1246.31396,10.652509,
1247.31689,10.663465,
1248.31775,10.663465,
714.90356,10.674936,
808.89105,10.674936,
716.90051,10.686476,
229.20711,10.697555,
468.29623,10.697555,
575.47052,10.697555,
629.51587,10.697555,
656.5105,10.697555,
687.54651,10.697555,
698.52032,10.697555,
700.53894,10.697555,
1142.8833,10.697555,
1143.88171,10.697555,
227.20091,10.708847,
228.20406,10.708847,
295.1879,10.708847,
309.20386,10.708847,
310.20746,10.708847,
531.44366,10.708847,
559.47467,10.708847,
560.47791,10.708847,
561.4826,10.708847,
684.54083,10.708847,
685.54309,10.708847,
686.54565,10.708847,
713.95178,10.708847,
762.51898,10.708847,
873.73761,10.708847,
1141.88037,10.708847,
573.49023,10.720572,
668.95618,10.720572,
1045.21985,10.720572,
1171.28687,10.720572,
277.21643,10.732261,
712.94556,10.732261,
1170.28662,10.732261,
1172.28735,10.732261,
363.25626,10.756063,
748.93011,10.802347,
1300.25586,10.802347,
325.27368,10.814153,
749.93512,10.814153,
771.59778,10.814153,
842.9184,10.814153,
1301.25867,10.814153,
1317.22949,10.814153,
766.8974,10.825419,
1316.22644,10.825419,
511.96027,10.83693,
512.96411,10.83693,
513.95636,10.83693,
559.36566,10.83693,
593.96362,10.83693,
764.89948,10.83693,
969.30084,10.83693,
389.0755,10.85973,
390.07507,10.85973,
449.0968,10.85973,
486.34274,10.85973,
858.88501,10.85973,
1318.22571,10.85973,
327.23514,10.871149,
598.35596,10.871149,
613.28845,10.871149,
503.34036,10.894844,
352.28467,10.906624,
844.94458,10.906624,
504.33572,10.917911,
253.21645,10.929245,
254.21977,10.929245,
335.21939,10.929245,
336.22308,10.929245,
585.49072,10.929245,
586.49335,10.929245,
710.55646,10.929245,
711.55957,10.929245,
712.55975,10.929245,
792.56189,10.929245,
899.75201,10.929245,
241.21648,10.940634,
242.21971,10.940634,
323.21948,10.940634,
573.4903,10.940634,
698.55652,10.940634,
700.55896,10.940634,
699.55914,10.951851,
492.3089,10.963045,
563.37964,10.963045,
313.23749,10.974742,
314.24072,10.974742,
830.61719,10.974742,
239.05882,11.022147,
223.02754,11.033374,
297.0462,11.033374,
447.06229,11.033374,
901.90979,11.033374,
452.30078,11.044986,
525.97559,11.044986,
655.39948,11.044986,
814.92419,11.044986,
900.90808,11.044986,
983.31635,11.044986,
526.97778,11.056178,
527.97223,11.056178,
888.96692,11.056178,
1346.30591,11.056178,
1347.30591,11.056178,
577.39386,11.067249,
594.33051,11.067249,
930.62134,11.067249,
241.21648,11.10253,
242.21964,11.10253,
323.21936,11.10253,
573.49017,11.10253,
574.49341,11.10253,
698.55658,11.10253,
699.55963,11.10253,
700.55884,11.10253,
279.2319,11.113813,
280.2356,11.113813,
611.50549,11.113813,
736.5719,11.113813,
737.57312,11.113813,
299.25803,11.125765,
655.39789,11.148792,
518.35425,11.171969,
502.33765,11.184034,
519.35413,11.184034,
768.94641,11.195159,
812.9386,11.195159,
1272.28052,11.195159,
280.23535,11.206238,
598.35596,11.206238,
1270.27698,11.206238,
1271.28406,11.206238,
223.0276,11.217582,
224.02711,11.217582,
225.0244,11.217582,
239.05885,11.217582,
240.0576,11.217582,
241.05537,11.217582,
279.23175,11.217582,
611.50598,11.217582,
165.04016,11.229724,
737.57452,11.229724,
591.41107,11.241015,
267.23206,11.26348,
268.2355,11.26348,
599.50647,11.26348,
725.57556,11.26348,
449.04105,11.287711,
605.42596,11.287711,
581.39734,11.309874,
869.55743,11.321722,
377.27164,11.333299,
391.28726,11.333299,
405.30258,11.333299,
456.332,11.333299,
516.35272,11.333299,
517.35498,11.333299,
594.33038,11.333299,
770.59528,11.333299,
392.29016,11.345199,
457.3349,11.345199,
530.3681,11.345199,
988.96075,11.379257,
381.27875,11.413761,
393.2934,11.413761,
590.50659,11.425224,
255.23198,11.436344,
256.23526,11.436344,
337.23492,11.436344,
338.23865,11.436344,
492.30872,11.436344,
587.50598,11.436344,
588.50903,11.436344,
589.5144,11.436344,
601.52124,11.436344,
712.57208,11.436344,
713.57465,11.436344,
715.57672,11.436344,
901.77069,11.436344,
902.77148,11.436344,
903.77386,11.436344,
1169.91406,11.436344,
1170.9165,11.436344,
257.23868,11.447601,
714.57587,11.447601,
406.30591,11.45913,
405.30267,11.505307,
281.24753,11.516226,
282.25079,11.516226,
613.52112,11.516226,
614.52515,11.516226,
738.58734,11.516226,
739.59052,11.516226,
740.59204,11.516226,
927.78473,11.516226,
1371.27319,11.550042,
912.93622,11.56159,
1370.27271,11.56159,
449.04111,11.572559,
671.4317,11.572559,
331.26642,11.584665,
363.25629,11.584665,
269.24738,11.597363,
633.45856,11.608265,
726.58691,11.608265,
599.05884,11.630772,
1202.97107,11.664722,
239.05876,11.688553,
469.26413,11.700455,
307.26361,11.711422,
461.11526,11.711422,
764.60382,11.711422,
519.35431,11.733976,
726.5882,11.733976,
727.59143,11.745388,
389.27075,11.780282,
364.25958,11.792255,
377.27185,11.792255,
378.27563,11.792255,
1024.79041,11.792255,
391.28735,11.815069,
392.29013,11.815069,
393.29333,11.815069,
516.35291,11.815069,
705.55096,11.815069,
675.50476,11.882917,
392.29001,11.894597,
393.28375,11.894597,
331.2663,11.906828,
723.56244,11.906828,
332.27008,11.917907,
645.53009,11.917907,
377.27167,11.928838,
391.28732,11.928838,
367.24252,11.951519,
616.54071,11.985465,
742.60522,11.985465,
929.80005,11.985465,
283.26288,11.997072,
284.26645,11.997072,
615.53748,11.997072,
740.60376,11.997072,
741.60614,11.997072,
470.26608,12.020442,
570.28607,12.053513,
1257.04761,12.064684,
560.34253,12.112417,
483.27921,12.123399,
595.3324,12.123399,
570.28638,12.134438,
391.08459,12.156778,
332.26984,12.168261,
1019.76025,12.180596,
1019.81488,12.180596,
1256.04675,12.180596,
560.34265,12.192117,
561.34564,12.192117,
1020.81689,12.192117,
580.31458,12.204101,
941.78192,12.204101,
562.33911,12.215667,
391.48453,12.226682,
492.30869,12.226682,
494.30508,12.226682,
949.64935,12.226682,
596.33118,12.248657,
908.59198,12.248657,
594.33063,12.260165,
806.57281,12.284249,
428.30115,12.295553,
534.30902,12.295553,
535.3103,12.295553,
488.32193,12.319119,
490.3284,12.319119,
489.3244,12.330036,
474.30533,12.341038,
742.56396,12.341038,
802.58716,12.341038,
420.32166,12.363967,
539.33728,12.363967,
659.37531,12.363967,
407.30887,12.375121,
419.31848,12.375121,
546.36365,12.375121,
773.59595,12.375121,
516.05347,12.38658,
719.5304,12.38658,
913.67218,12.38658,
914.67499,12.38658,
916.67511,12.38658,
973.69318,12.38658,
974.69543,12.38658,
975.69629,12.38658,
417.32141,12.398349,
456.33203,12.398349,
519.35364,12.398349,
599.35773,12.398349,
701.53998,12.398349,
719.39642,12.398349,
720.53345,12.398349,
465.30518,12.409836,
311.29474,12.420884,
768.63489,12.420884,
771.59821,12.420884,
1084.86011,12.420884,
458.32898,12.431921,
720.39825,12.431921,
721.54639,12.431921,
770.59528,12.431921,
830.61713,12.431921,
831.61957,12.431921,
832.61908,12.431921,
833.61975,12.431921,
955.68158,12.431921,
956.68585,12.431921,
1085.86353,12.431921,
772.59698,12.442905,
853.60168,12.442905,
895.66125,12.442905,
345.28171,12.455378,
405.30273,12.455378,
406.30585,12.455378,
407.30899,12.455378,
517.35474,12.455378,
538.33429,12.455378,
516.65588,12.467311,
548.32391,12.467311,
898.66235,12.467311,
466.30917,12.478574,
504.33444,12.478574,
598.35602,12.478574,
494.30502,12.489817,
973.69324,12.501469,
660.37531,12.513669,
915.67462,12.513669,
976.69501,12.513669,
492.30875,12.524671,
503.34061,12.524671,
457.33493,12.535634,
519.35382,12.547853,
659.37665,12.547853,
719.396,12.547853,
770.59546,12.547853,
1066.84668,12.547853,
459.33148,12.57134,
772.59692,12.57134,
896.66382,12.57134,
504.33368,12.583042,
505.33707,12.583042,
502.33771,12.594851,
771.5976,12.594851,
830.61694,12.606719,
831.61945,12.606719,
913.67175,12.606719,
975.69568,12.606719,
977.70166,12.606719,
1145.8811,12.606719,
458.32925,12.618807,
503.34052,12.618807,
516.35266,12.618807,
517.04248,12.618807,
517.35461,12.618807,
518.35413,12.618807,
600.35944,12.618807,
915.67468,12.618807,
974.69611,12.618807,
495.30853,12.62988,
538.33441,12.62988,
598.35583,12.62988,
773.59686,12.62988,
832.61945,12.62988,
1084.85901,12.640949,
456.33215,12.640949,
457.33447,12.640949,
774.59668,12.640949,
914.67468,12.640949,
973.69348,12.640949,
976.6955,12.640949,
1085.86182,12.640949,
520.35577,12.652682,
599.35803,12.652682,
916.6756,12.652682,
959.67621,12.652682,
1001.8053,12.664313,
1002.80487,12.664313,
1086.8606,12.664313,
516.66602,12.675361,
895.66174,12.687663,
898.66364,12.687663,
899.66534,12.687663,
896.66425,12.699432,
897.66382,12.710924,
1040.74097,12.710924,
734.4129,12.722701,
956.68481,12.722701,
1038.73853,12.722701,
1039.74048,12.722701,
1041.74011,12.722701,
479.30341,12.734167,
615.38715,12.734167,
799.62946,12.734167,
846.63647,12.734167,
239.05887,12.74559,
613.38867,12.74559,
614.38904,12.74559,
858.64893,12.74559,
554.36859,12.757426,
719.39691,12.757426,
844.46289,12.757426,
942.71265,12.757426,
433.33398,12.769446,
626.38739,12.769446,
784.61169,12.769446,
785.61389,12.769446,
786.61401,12.769446,
1086.74487,12.769446,
673.56079,12.780932,
845.46436,12.780932,
847.63647,12.780932,
929.67584,12.780932,
941.71149,12.780932,
339.32495,12.792719,
484.36331,12.792719,
485.36542,12.792719,
536.34814,12.792719,
551.35931,12.792719,
609.42883,12.792719,
644.39294,12.792719,
669.45172,12.792719,
812.64172,12.792719,
1052.755,12.792719,
1067.77197,12.792719,
396.34714,12.804149,
470.34763,12.804149,
532.36993,12.804149,
544.38434,12.804149,
545.38678,12.804149,
620.37451,12.804149,
641.83789,12.804149,
664.40326,12.804149,
674.42902,12.804149,
788.55701,12.804149,
813.64984,12.804149,
912.68085,12.804149,
535.34705,12.815455,
550.36572,12.815455,
612.37354,12.815455,
630.4043,12.815455,
924.69604,12.815455,
928.67267,12.815455,
984.71613,12.815455,
1098.87561,12.815455,
1113.76196,12.815455,
234.06137,12.827944,
583.39734,12.827944,
584.39771,12.827944,
590.37177,12.827944,
591.37415,12.827944,
592.37305,12.827944,
619.37103,12.827944,
627.40338,12.827944,
628.40454,12.827944,
629.40118,12.827944,
671.42969,12.827944,
674.56354,12.827944,
844.633,12.827944,
845.63574,12.827944,
970.7005,12.827944,
985.71985,12.827944,
1066.77124,12.827944,
1068.77246,12.827944,
1082.75024,12.827944,
1113.89221,12.827944,
1165.8064,12.827944,
472.3454,12.839469,
498.37833,12.839469,
508.32178,12.839469,
533.36963,12.839469,
549.3631,12.839469,
631.40247,12.839469,
725.42163,12.839469,
929.67273,12.839469,
1022.729,12.839469,
1023.73138,12.839469,
1053.75732,12.839469,
1242.95398,12.839469,
152.03476,12.850884,
509.32446,12.850884,
714.35229,12.850884,
715.3504,12.850884,
786.61517,12.850884,
812.64355,12.850884,
909.67706,12.850884,
910.67963,12.850884,
911.67969,12.850884,
923.69299,12.850884,
1054.75671,12.850884,
1071.74988,12.850884,
1163.80396,12.850884,
1164.8064,12.850884,
626.38788,12.862346,
485.36496,12.862346,
507.32739,12.862346,
575.39539,12.862346,
617.37445,12.862346,
618.37665,12.862346,
1243.95386,12.862346,
1356.00867,12.862346,
552.36633,12.874136,
566.3667,12.874136,
665.40216,12.874136,
713.34869,12.874136,
784.61108,12.874136,
808.57422,12.874136,
926.69421,12.874136,
1099.87988,12.874136,
1357.005,12.874136,
574.39459,12.885696,
673.5603,12.885696,
925.69476,12.885696,
234.06142,12.897407,
471.3504,12.897407,
620.37469,12.897407,
645.42078,12.897407,
806.57288,12.897407,
983.7121,12.897407,
989.70172,12.897407,
470.34753,12.908771,
506.32397,12.908771,
530.36859,12.908771,
531.37097,12.908771,
532.3678,12.908771,
533.36957,12.908771,
646.39374,12.908771,
663.40094,12.908771,
664.40369,12.908771,
670.45306,12.908771,
707.5542,12.908771,
723.422,12.908771,
733.58234,12.908771,
844.63251,12.908771,
845.63446,12.908771,
858.64771,12.908771,
859.65167,12.908771,
869.55853,12.908771,
969.69922,12.908771,
970.70111,12.908771,
971.7005,12.908771,
972.70343,12.908771,
984.71533,12.908771,
1049.75818,12.908771,
1080.74817,12.908771,
1081.75098,12.908771,
1166.80798,12.908771,
1230.93884,12.908771,
473.34641,12.92044,
530.6886,12.92044,
558.39966,12.92044,
581.39746,12.92044,
582.3999,12.92044,
583.39673,12.92044,
641.41901,12.92044,
645.52777,12.92044,
691.53534,12.92044,
705.5509,12.92044,
706.55371,12.92044,
725.4223,12.92044,
872.66498,12.92044,
1113.89307,12.92044,
1223.93872,12.92044,
1369.01318,12.92044,
508.31992,12.932434,
642.4209,12.932434,
810.57373,12.932434,
1066.77026,12.932434,
1067.77759,12.932434,
559.40259,12.943955,
572.41394,12.943955,
629.40277,12.943955,
630.4021,12.943955,
643.4201,12.943955,
644.42059,12.943955,
671.43079,12.943955,
724.42432,12.943955,
785.61414,12.943955,
798.62708,12.943955,
909.67786,12.943955,
912.62091,12.943955,
924.69513,12.943955,
1053.75769,12.943955,
627.4035,12.955263,
628.40479,12.955263,
641.84717,12.955263,
645.42096,12.955263,
1020.72766,12.955263,
1098.87817,12.955263,
1257.03809,12.955263,
463.32684,12.967651,
464.32895,12.967651,
507.32651,12.967651,
1052.75476,12.967651,
1054.75574,12.967651,
1082.74866,12.967651,
1083.75256,12.967651,
618.37695,12.979294,
619.37195,12.979294,
644.39276,12.979294,
685.40784,12.979294,
715.35217,12.979294,
1021.72968,12.979294,
1023.72906,12.979294,
1112.89197,12.979294,
1114.89502,12.979294,
1192.90588,12.979294,
1242.95374,12.979294,
1243.95337,12.979294,
693.38043,12.990805,
813.6438,12.990805,
1048.75513,12.990805,
1080.74561,12.990805,
1241.95325,12.990805,
1368.02148,12.990805,
713.34906,13.002363,
714.35211,13.002363,
1022.73102,13.002363,
1024.72864,13.002363,
1168.8092,13.002363,
1165.80701,13.014828,
1191.91797,13.014828,
584.39795,13.026649,
1164.80652,13.026649,
665.40088,13.038419,
640.98804,13.038419,
663.4007,13.038419,
1081.75134,13.04988,
1163.80408,13.04988,
1166.80737,13.04988,
1354.00366,13.04988,
1370.01636,13.04988,
1209.927,13.06228,
1227.93604,13.06228,
1228.93835,13.06228,
1229.93921,13.06228,
1231.94043,13.06228,
1309.93811,13.06228,
1353.0011,13.06228,
1355.0033,13.06228,
1356.00366,13.06228,
1369.01526,13.06228,
1193.9187,13.073988,
1230.93762,13.073988,
1324.97034,13.073988,
1357.00305,13.073988,
1358.00488,13.073988,
746.409,13.085734,
1359.00647,13.097665,
563.37903,13.110119,
368.35986,13.146657,
558.39978,13.146657,
367.35672,13.159713,
559.40265,13.159713,
669.45062,13.159713,
899.60535,13.159713,
165.04013,13.172063,
736.56213,13.172063,
902.54724,13.172063,
913.62286,13.172063,
1399.11938,13.172063,
670.45312,13.183715,
677.42926,13.183715,
804.58911,13.183715,
1257.04785,13.183715,
816.60199,13.196376,
833.62158,13.20853,
1387.0105,13.20853,
674.42944,13.221115,
860.62457,13.233838,
381.37231,13.258905,
691.53546,13.258905,
705.55109,13.258905,
1256.04663,13.258905,
1257.04956,13.258905,
706.55359,13.271459,
719.56665,13.271459,
720.56946,13.271459,
1381.11072,13.271459,
832.61987,13.282596,
614.29102,13.295515,
817.60406,13.307415,
912.62018,13.320394,
676.43042,13.345411,
1276.06104,13.345411,
675.43109,13.358488,
381.37265,13.370549,
830.61707,13.370549,
239.05888,13.432419,
802.58643,13.432419,
804.29126,13.506617,
589.39307,13.532255,
396.39215,13.581809,
395.38791,13.59469,
239.05881,13.746571,
832.32251,13.998044,
833.32593,13.998044,
